common name,scientific name,cloudinary url
Common Eastern Froglet,Crinia signifera,http://res.cloudinary.com/ausmus/video/upload/v1479990764/zyba01rfqbuatw3owdma.m4a
Striped Marsh Frog,Limnodynastes peronii,https://res.cloudinary.com/ausmus/video/upload/v1514943706/owwr6n9j4mx7oeytjda0.m4a
Peron's Tree Frog,Litoria peronii,https://res.cloudinary.com/ausmus/video/upload/v1502254442/rrkywfzwcs2wnb4wm5gp.m4a
Eastern Dwarf Tree Frog,Litoria fallax,http://res.cloudinary.com/ausmus/video/upload/v1479990829/akuidlz4w1wlgzprb7fi.m4a
Spotted Marsh Frog,Limnodynastes tasmaniensis,http://res.cloudinary.com/ausmus/video/upload/v1479991056/ttetbvtm6yn5aj1mzt0z.m4a
Brown Tree Frog,Litoria ewingii,https://res.cloudinary.com/ausmus/video/upload/v1526795552/elpcynioigq71i1ltudg.m4a
Eastern Sign-bearing Froglet,Crinia parinsignifera,http://res.cloudinary.com/ausmus/video/upload/v1479991075/dfvcntsc6h9vy2qsqzof.m4a
Eastern Banjo Frog,Limnodynastes dumerilii,http://res.cloudinary.com/ausmus/video/upload/v1479991679/iyooa78yjkwya9rz2jlk.m4a
Green Tree Frog,Litoria caerulea,https://res.cloudinary.com/ausmus/video/upload/v1506402638/r2ydpvyndjzxxftzuxuq.m4a
Rattling Froglet,Crinia glauerti,https://res.cloudinary.com/ausmus/video/upload/v1506302782/wb4htzmcpe9jwxo2kevv.m4a
Red Tree Frog,Litoria rubella,https://res.cloudinary.com/ausmus/video/upload/v1506405227/asqf8mit9ko0q8irsrhu.m4a
Whistling Tree Frog ,Litoria verreauxii,https://res.cloudinary.com/ausmus/video/upload/v1514942716/qvd4jgdrgtwonmwsqbrz.m4a
Slender Tree Frog,Litoria adelaidensis,http://res.cloudinary.com/ausmus/video/upload/v1479991764/rfzjz44lzd2utv3u5kri.m4a
Quacking Frog,Crinia georgiana,http://res.cloudinary.com/ausmus/video/upload/v1479991088/iwqmgvwoz2w3appvxy8b.m4a
Graceful Tree Frog,Litoria gracilenta,http://res.cloudinary.com/ausmus/video/upload/v1479991352/speidjcpbkg6yurflban.m4a
Bleating Tree Frog,Litoria dentata,http://res.cloudinary.com/ausmus/video/upload/v1479991881/gy1msxwmttrsqemedvbd.m4a
Tyler's Tree Frog,Litoria tyleri,https://res.cloudinary.com/ausmus/video/upload/v1540011483/pohgclz6zujfa36dg8qf.m4a
Roth's Tree Frog,Litoria rothii,https://res.cloudinary.com/ausmus/video/upload/v1502254559/h7053fpmsqrcw8uxjulq.m4a
Broad-palmed Rocket Frog,Litoria latopalmata,http://res.cloudinary.com/ausmus/video/upload/v1479991775/qzse7suxxdnkobjy6qin.m4a
Motorbike Frog,Litoria moorei,http://res.cloudinary.com/ausmus/video/upload/v1479991488/m5eflagwheozgfbsf9fr.m4a
Western Banjo Frog,Limnodynastes dorsalis,http://res.cloudinary.com/ausmus/video/upload/v1479991273/u5glxjd8hmsh4ejkiwoo.m4a
Smooth Toadlet,Uperoleia laevigata,https://res.cloudinary.com/ausmus/video/upload/v1520054655/k2gksqstsnn724v36q4t.m4a
Cane Toad,Rhinella marina,https://res.cloudinary.com/ausmus/video/upload/v1502255275/nzztlw9onwwxmx4qmjfi.m4a
Marbled Frog,Limnodynastes convexiusculus,https://res.cloudinary.com/ausmus/video/upload/v1502253958/lnsybpzrupjaa9mvn7jp.m4a
Northern Sedge Frog,Litoria bicolor,https://res.cloudinary.com/ausmus/video/upload/v1519330807/objaua77lbpzt2padhgk.m4a
Dusky Toadlet,Uperoleia fusca,http://res.cloudinary.com/ausmus/video/upload/v1479991827/fxqiiaepkqhvn0ixlz9o.m4a
Striped Rocket Frog,Litoria nasuta,https://res.cloudinary.com/ausmus/video/upload/v1509607602/adkxuxsyxw4gpxbfplgu.m4a
Ornate Burrowing Frog,Platyplectrum ornatum,https://res.cloudinary.com/ausmus/video/upload/v1506406996/vf0nzqsgzqhjellc6hjs.m4a
Bumpy Rocket Frog,Litoria inermis,https://res.cloudinary.com/ausmus/video/upload/v1518037638/huag1ab88aez83x98vsv.m4a
Squelching Froglet,Crinia insignifera,http://res.cloudinary.com/ausmus/video/upload/v1479991817/nnbf1egmajsihyejuq7p.m4a
Green Stream Frog,Litoria phyllochroa,http://res.cloudinary.com/ausmus/video/upload/v1479991752/hvqp1gbbp5f8uylgtqj2.m4a
Remote Froglet,Crinia remota,https://res.cloudinary.com/ausmus/video/upload/v1518038739/ousqrcm6aeasldjiwtpl.m4a
Northern Banjo Frog,Limnodynastes terraereginae,https://res.cloudinary.com/ausmus/video/upload/v1539726692/x2bfww7vq0q4ok09lho3.m4a
Great Barred Frog,Mixophyes fasciolatus,http://res.cloudinary.com/ausmus/video/upload/v1479991311/jhlp9haxsz2y1yohpvqf.m4a
Moaning Frog,Heleioporus eyrei,http://res.cloudinary.com/ausmus/video/upload/v1479990874/uwwfqsd8hzo7lpze9nrd.m4a
Ticking Frog,Geocrinia leai,http://res.cloudinary.com/ausmus/video/upload/v1479991710/zbuqoercpe6q3t1qyi3g.m4a
Northern Snapping Frog,Cyclorana australis,https://res.cloudinary.com/ausmus/video/upload/v1506303771/ocycwxsrwnyo3egm85ms.m4a
White-lipped Tree Frog,Litoria infrafrenata,https://res.cloudinary.com/ausmus/video/upload/v1511222196/bmwpluztnatwat8lstgt.m4a
Barking Frog,Limnodynastes fletcheri,https://res.cloudinary.com/ausmus/video/upload/v1573539359/fyncjqltbinx9facmmga.m4a
Bleating Froglet,Crinia pseudinsignifera,http://res.cloudinary.com/ausmus/video/upload/v1479991017/y5bezhovo7c6jbkbkrnv.m4a
Red-backed Toadlet,Pseudophryne coriacea,http://res.cloudinary.com/ausmus/video/upload/v1479991188/w5wuq3eq7cb81ba6b2dx.m4a
Wrinkled Toadlet,Uperoleia rugosa,https://res.cloudinary.com/ausmus/video/upload/v1520054705/vwi4xtfdvo5rcvxijnfe.m4a
Red-eyed Tree Frog,Litoria chloris,http://res.cloudinary.com/ausmus/video/upload/v1479991452/lzauagah9dlbneqpapav.m4a
Orange-thighed Tree Frog,Litoria xanthomera,https://res.cloudinary.com/ausmus/video/upload/v1507771790/eeuyzp82xl8nxzweksg3.m4a
Sudell's Frog,Neobatrachus sudellae,https://res.cloudinary.com/ausmus/video/upload/v1554062405/dmq4mimkcuomr8fyqujt.m4a
Floodplain Toadlet,Uperoleia inundata,https://res.cloudinary.com/ausmus/video/upload/v1502255461/uklykfyk3kz0lyjebswd.m4a
Southern Green Stream Frog,Litoria nudidigitus,https://res.cloudinary.com/ausmus/video/upload/v1507943591/emb1cqsw2ea8wchrxml9.m4a
Desert Froglet ,Crinia deserticola,https://res.cloudinary.com/ausmus/video/upload/v1514342030/h4etnlrmixqrjcgwkdqm.m4a
Black-shinned Rocket Frog,Litoria tornieri,https://res.cloudinary.com/ausmus/video/upload/v1502254585/d8fo3srkiwbmn6hv6qg4.m4a
Victoria Smooth Froglet,Geocrinia victoriana,https://res.cloudinary.com/ausmus/video/upload/v1502253420/zoic8thzlfocd1uy53pt.m4a
Whirring Tree Frog,Litoria revelata,https://res.cloudinary.com/ausmus/video/upload/v1520749041/ltvtqd2jigyjmqmntie2.m4a
Montane Toadlet,Uperoleia altissima,https://res.cloudinary.com/ausmus/video/upload/v1502255398/nlgz8fdntzoxwhoarlrh.m4a
Victorian Tree Frog,Litoria paraewingi,https://res.cloudinary.com/ausmus/video/upload/v1502258128/zfmlr52xexwpjvpk87wo.m4a
Haswell's Froglet,Paracrinia haswelli,https://res.cloudinary.com/ausmus/video/upload/v1508122609/dsqdvyhub4aiszy3up9r.m4a
Crawling Toadlet,Pseudophryne guentheri,http://res.cloudinary.com/ausmus/video/upload/v1479991666/s1qmx5refudagadgm9px.m4a
Pallid Rocket Frog,Litoria pallida,https://res.cloudinary.com/ausmus/video/upload/v1502254374/npjposhkdstsykznhmlo.m4a
Salmon-striped Frog,Limnodynastes salmini,https://res.cloudinary.com/ausmus/video/upload/v1514111997/ik2fmp9ep0srzm0t6f8q.m4a
Mottled Barred Frog,Mixophyes coggeri,https://res.cloudinary.com/ausmus/video/upload/v1518037035/t8gd4btzcs7edswbbvku.m4a
Spalding's Rocket Frog,Litoria spaldingi,https://res.cloudinary.com/ausmus/video/upload/v1613786860/jwihzkq6vljjobcwfmfv.m4a
Tasmanian Froglet,Crinia tasmaniensis,https://res.cloudinary.com/ausmus/video/upload/v1518834558/b6btkm3w41jcz8zurlm7.m4a
Northern Ornate Nursery Frog,Cophixalus ornatus,https://res.cloudinary.com/ausmus/video/upload/v1502252832/yvkahsabzv7om6ggkatx.m4a
Striped Burrowing Frog,Cyclorana alboguttata,https://res.cloudinary.com/ausmus/video/upload/v1507770831/u4dfed6h2c2j3decz1cc.m4a
Rain Whistling Frog,Austrochaperina pluvialis,https://res.cloudinary.com/ausmus/video/upload/v1507770469/pd4ibkmdh0gj6ase29sz.wav
Stonemason Toadlet,Uperoleia lithomoda,https://res.cloudinary.com/ausmus/video/upload/v1502255486/mqe3kl9wkhitygnhld1d.m4a
Mimic Toadlet,Uperoleia mimula,https://res.cloudinary.com/ausmus/video/upload/v1506654816/zx7wk3di3ehfqvvsboto.m4a
Jervis Bay Tree Frog,Litoria jervisiensis,https://res.cloudinary.com/ausmus/video/upload/v1511304551/pbmaqkhjb8ve2pzwh0i2.m4a
Eastern Stony Creek Frog,Litoria wilcoxii,http://res.cloudinary.com/ausmus/video/upload/v1479990904/m5zvg8etnuzkwiqpl5lt.m4a
Wide-mouthed Frog,Cyclorana novaehollandiae,https://res.cloudinary.com/ausmus/video/upload/v1506404747/ltdzo9hkzt0zyclihdjd.m4a
Long-footed Frog,Cyclorana longipes,https://res.cloudinary.com/ausmus/video/upload/v1506404482/huhibxzsdvufnxk1ouuc.m4a
South Coast Froglet,Crinia subinsignifera,http://res.cloudinary.com/ausmus/video/upload/v1479991723/plarjyvi3ccld4bswo12.m4a
Tyler's Toadlet,Uperoleia tyleri,https://res.cloudinary.com/ausmus/video/upload/v1545796083/hvmka9jqmhn98utvcjep.m4a
Copper-backed Toadlet,Pseudophryne raveni,https://res.cloudinary.com/ausmus/video/upload/v1506654123/jgiaeluvyvdacx7przjk.m4a
Northern Spadefoot,Notaden melanoscaphus,https://res.cloudinary.com/ausmus/video/upload/v1506406741/lpky61tqvkca1dcedzey.m4a
Barrington Tops Tree Frog,Litoria barringtonensis,http://res.cloudinary.com/ausmus/video/upload/v1479991442/nbx4axt3s5odti2lbpad.m4a
Giant Banjo Frog,Limnodynastes interioris,https://res.cloudinary.com/ausmus/video/upload/v1514111885/sjtbv3aymp88kinwsqzs.m4a
Javelin Frog,Litoria microbelos,https://res.cloudinary.com/ausmus/video/upload/v1502254286/emxjk83zzsrugmrxavoa.m4a
Wood frog,Papurana daemeli,https://res.cloudinary.com/ausmus/video/upload/v1518765113/lyx2i9bn9ykvw7nwtozj.m4a
Southern Ornate Nursery Frog,Cophixalus australis,https://res.cloudinary.com/ausmus/video/upload/v1502252551/bi2j1n73by4jg6qxjreq.m4a
Robust Whistling Frog,Austrochaperina robusta,https://res.cloudinary.com/ausmus/video/upload/v1506301711/eptiw13qjfsfpqrlpmyv.m4a
Bilingual Froglet,Crinia bilingua,https://res.cloudinary.com/ausmus/video/upload/v1506302336/dounsqfbsyag8b1xuugb.m4a
Short-footed Frog,Cyclorana brevipes,https://res.cloudinary.com/ausmus/video/upload/v1506402528/fqloxctwdzfcnn2eb1ub.m4a
Blue Mountains Tree Frog,Litoria citropa,https://res.cloudinary.com/ausmus/video/upload/v1508122388/oroe2aeknhabta4uy6jq.m4a
Eastern Water-holding Frog,Cyclorana platycephala,https://res.cloudinary.com/ausmus/video/upload/v1508727534/nc76hqs7erab6yyy8rhj.m4a
Northern Stony Creek Frog,Litoria jungguy,https://res.cloudinary.com/ausmus/video/upload/v1506404307/thltdged3mw1aknskde1.m4a
Tawny Rocket Frog,Litoria nigrofrenata,https://res.cloudinary.com/ausmus/video/upload/v1518132094/rhd1ttrayvqfjd1u29cp.m4a
Knife-footed Frog,Cyclorana cultripes,https://res.cloudinary.com/ausmus/video/upload/v1506402942/wymai0kdaqsltwrc5xtl.m4a
Main's Frog,Cyclorana maini,https://res.cloudinary.com/ausmus/video/upload/v1509607864/bx4lhx2sa3fc5aqlhu3e.m4a
Tasmanian Smooth Froglet,Geocrinia laevis,https://res.cloudinary.com/ausmus/video/upload/v1526795730/cuhkpcxwjzf8gttoehu8.m4a
Crucifix Frog,Notaden bennettii,https://res.cloudinary.com/ausmus/video/upload/v1610187543/yy955kzvue5hys0oh6pu.m4a
Forest Toadlet,Metacrinia nichollsi,http://res.cloudinary.com/ausmus/video/upload/v1479991100/lnywgetn0jwr0kksymwm.m4a
Large Toadlet,Pseudophryne major,https://res.cloudinary.com/ausmus/video/upload/v1502255231/qot9vkckospysv2cjfpm.m4a
Rough Frog,Cyclorana verrucosa,https://res.cloudinary.com/ausmus/video/upload/v1508727457/raqtwxbygraa7tsexbet.m4a
Fry's Frog,Austrochaperina fryi,https://res.cloudinary.com/ausmus/video/upload/v1507770325/j3d8ya7jqhesvqlkwf2w.m4a
Dendy's Toadlet ,Pseudophryne dendyi,https://res.cloudinary.com/ausmus/video/upload/v1502255197/xlxvfqfhvng2mdbip1vd.m4a
Western Spotted Frog,Heleioporus albopunctatus,http://res.cloudinary.com/ausmus/video/upload/v1479991501/y8kz3tvkziphmbwr5fc3.m4a
Buzzing Tree Frog,Litoria electrica,https://res.cloudinary.com/ausmus/video/upload/v1507771494/jpxwmhffpndg33qjupys.m4a
Northern Toadlet,Uperoleia borealis,https://res.cloudinary.com/ausmus/video/upload/v1506654540/nmmkws8o7urnusailzmm.m4a
Stony Creek Frog,Litoria lesueuri,https://res.cloudinary.com/ausmus/video/upload/v1510028931/fyesgflpwekoqowqtl5t.m4a
Spotted-thighed Frog,Litoria cyclorhyncha,https://res.cloudinary.com/ausmus/video/upload/v1506402994/bvbwgdwrzmr2n22fvryg.m4a
Spencer's Burrowing Frog,Platyplectrum spenceri,https://res.cloudinary.com/ausmus/video/upload/v1520748951/t1odkbntwgydbfwgl1ix.m4a
Wheatbelt Frog,Neobatrachus kunapalari,http://res.cloudinary.com/ausmus/video/upload/v1479991323/g4wrbievo7ur2gmcsuii.m4a
Northern Whistling Frog,Austrochaperina gracilipes,https://res.cloudinary.com/ausmus/video/upload/v1506301591/y7t6avm3w2zkikqthw9j.m4a
Painted Frog,Neobatrachus pictus,https://res.cloudinary.com/ausmus/video/upload/v1528757526/sinlhfkzisk6lztwc8c3.m4a
Littlejohn's Toadlet,Uperoleia littlejohni,https://res.cloudinary.com/ausmus/video/upload/v1520463787/fwhnact5tljsgtcpcrrq.m4a
Desert Spadefoot ,Notaden nichollsi,https://res.cloudinary.com/ausmus/video/upload/v1508727384/knfprijghsfeh0u8v3lw.m4a
Mjoberg's Toadlet,Uperoleia mjobergii,https://res.cloudinary.com/ausmus/video/upload/v1506654909/mey687kdhgpmozyfjbtn.m4a
Wotjulum Rocket Frog,Litoria watjulumensis,https://res.cloudinary.com/ausmus/video/upload/v1506406285/orvmk9rflxvr5sv1hwlo.m4a
Pilbara Toadlet,Uperoleia saxatilis,https://res.cloudinary.com/ausmus/video/upload/v1540618043/q6ptbpxbfw1qgl4veeow.m4a
Cape York Graceful Tree Frog,Litoria bella,https://res.cloudinary.com/ausmus/video/upload/v1507893201/ojehwbqqeabofjvjrdde.wav
Fat Toadlet,Uperoleia crassa,https://res.cloudinary.com/ausmus/video/upload/v1506654613/v5suwecudgoegoy1baae.m4a
Northern Territory Frog,Austrochaperina adelphe,https://res.cloudinary.com/ausmus/video/upload/v1580430063/xnxgkqnvr1cmbd2qh3x1.m4a
Turtle Frog,Myobatrachus gouldii,http://res.cloudinary.com/ausmus/video/upload/v1479991476/c7vcj1zofnz6kxh63yvo.m4a
Hooting Frog,Heleioporus barycragus,http://res.cloudinary.com/ausmus/video/upload/v1479991654/e6h2fzfi38naztkbi7jv.m4a
Copland's Rock Frog,Litoria coplandi,https://res.cloudinary.com/ausmus/video/upload/v1506402787/ldremawa1ufobesxfgdz.m4a
Shoemaker Frog,Neobatrachus sutor,http://res.cloudinary.com/ausmus/video/upload/v1479990783/wijkzffmy9xckhzxycld.m4a
Gorge Toadlet,Pseudophryne douglasi,https://res.cloudinary.com/ausmus/video/upload/v1528757469/mtojam0zlyjvf9oncfsg.m4a
Derby Toadlet,Uperoleia aspera,https://res.cloudinary.com/ausmus/video/upload/v1506654502/zyg1gia6psqq6l97fpup.m4a
Mole Toadlet,Uperoleia talpa,https://res.cloudinary.com/ausmus/video/upload/v1506654997/ewuahgh5bldhm4dlrrf3.m4a
Small Toadlet,Uperoleia minima,https://res.cloudinary.com/ausmus/video/upload/v1506654859/mo4mmjg7ygj6hdczr6g9.m4a
Sand Frog ,Heleioporus psammophilus,http://res.cloudinary.com/ausmus/video/upload/v1479990820/hngxfziucirxtkpmtbgs.m4a
Hidden-ear frog,Cyclorana cryptotis,https://res.cloudinary.com/ausmus/video/upload/v1506402879/jnsngqkqncmiy64ewgig.m4a
Fletcher's Frog,Lechriodus fletcheri,https://res.cloudinary.com/ausmus/video/upload/v1619248858/uetiwnolgur7sbgzomnz.m4a
Rockhole Frog,Litoria meiriana,https://res.cloudinary.com/ausmus/video/upload/v1506404525/naogffhezztpxeikagdf.m4a
Plonking Frog,Neobatrachus wilsmorei,http://res.cloudinary.com/ausmus/video/upload/v1479990850/qwewr4uswy18tc4s6uvk.m4a
Woodworker Frog,Limnodynastes lignarius,https://res.cloudinary.com/ausmus/video/upload/v1546729858/ocav8nc2yz1qwunaj9gi.m4a
Tawny Trilling Frog,Neobatrachus fulvus,https://res.cloudinary.com/ausmus/video/upload/v1614889929/dlsu5umhbv04cigy2jou.m4a
Magnificent Tree Frog,Litoria splendida,https://res.cloudinary.com/ausmus/video/upload/v1506405327/qrmxuamewshceuqembga.m4a
Western Water-holding Frog,Cyclorana occidentalis,https://res.cloudinary.com/ausmus/video/upload/v1546390211/q7isu15buqg9aalqcxud.m4a
Centralian Tree Frog,Litoria gilleni,https://res.cloudinary.com/ausmus/video/upload/v1546413210/pw8twbetfgfcxam8p2if.m4a
Daly Waters Frog,Cyclorana maculosa,https://res.cloudinary.com/ausmus/video/upload/v1619301751/qukwu0vdbrzauqjkemiu.m4a
Small Frog,Cyclorana manya,https://res.cloudinary.com/ausmus/video/upload/v1507771025/kcavvg5cvu1bqkjtykuc.m4a
Humming Frog,Neobatrachus pelobatoides,http://res.cloudinary.com/ausmus/video/upload/v1479991543/cngzzqnxcy7lcvoipzlv.m4a
Whooping Frog,Heleioporus inornatus,http://res.cloudinary.com/ausmus/video/upload/v1479991122/wpv9qtkm3we5hdvbybs0.m4a
Kimberley Rockhole Frog,Litoria aurifera,https://res.cloudinary.com/ausmus/video/upload/v1506401908/gxf31pnh0bvkvd1e60dl.m4a
Northern Trilling Frog,Neobatrachus aquilonius,https://res.cloudinary.com/ausmus/video/upload/v1515788537/gtkxladwwvgthlwlizbr.m4a
White-footed Trilling Frog,Neobatrachus albipes,http://res.cloudinary.com/ausmus/video/upload/v1479991028/zot1zds666wwjqllfddx.m4a
Flat-headed Frog,Limnodynastes depressus,https://res.cloudinary.com/ausmus/video/upload/v1506304568/candrfjrdbi7glehnave.m4a
Cave Frog,Litoria cavernicola,https://res.cloudinary.com/ausmus/video/upload/v1506402687/bktrihndncrmht3l9tnm.m4a
Kimberley Spadefoot,Notaden weigeli,https://res.cloudinary.com/ausmus/video/upload/v1506406805/qfsud0dsdqxdtlnwckzf.m4a
Blacksoil Toadlet,Uperoleia trachyderma,https://res.cloudinary.com/ausmus/video/upload/v1508387392/g1efxfdtekvvbspqe0xk.m4a
Wailing Frog,Cyclorana vagitus,https://res.cloudinary.com/ausmus/video/upload/v1506406205/bq2woofwdqk2lxxabhp2.m4a
Northwest Toadlet,Uperoleia russelli,https://res.cloudinary.com/ausmus/video/upload/v1508387250/ji9wxgkakr9z0mjc9vqn.m4a
